State,ID,fatalRate2004,fatalRate2005,fatalRate2006,fatalRate2007,fatalRate2008,fatalRate2009,fatalRate2010,fatalRate2011,fatalRate2012,fatalRate2013,fatalRate2014,"Difference, 1994 -- 2014 ",years,Murder2014,Murder2013,Murder2012,Murder2011,Murder2010,Murder2009,Murder2008,Murder2007,Murder2006,Murder2005,Murder2004,Murder2003,Murder2002,Murder2001,Murder2000,Murder1999,Murder1998,Murder1997,Murder1996,Unemploy1996,Unemploy1997,Unemploy1998,Unemploy1999,Unemploy2000,Unemploy2001,Unemploy2002,Unemploy2003,Unemploy2004,Unemploy2005,Unemploy2006,Unemploy2007,Unemploy2008,Unemploy2009,Unemploy2010,Unemploy2011,Unemploy2012,Unemploy2013,Unemploy2014
Alabama,1,1.95,1.92,1.99,1.81,1.63,1.38,1.34,1.38,1.33,1.31,1.25,-43,"[1994,1995,1996,1997,1998,1999,2000,2001,2002,2003,2004,2005,2006,2007,2008,2009,2010,2011,2012,2013,2014]",5.7,7.2,7.1,6.2,5.7,6.8,7.6,8.9,8.3,8.2,5.6,6.6,6.8,8.5,7.4,7.9,8.1,9.9,10.4,5.2,5.0,4.4,4.7,4.6,5.1,5.9,6.0,5.7,4.5,4.0,4.0,5.7,11.0,10.5,9.7,8,7.2,6.8
Alaska,2,2.02,1.45,1.49,1.59,1.27,1.3,1.17,1.57,1.23,1.05,1.5,-27,"[1994,1995,1996,1997,1998,1999,2000,2001,2002,2003,2004,2005,2006,2007,2008,2009,2010,2011,2012,2013,2014]",5.6,4.6,4.1,4.1,4.3,3.1,4.1,6.4,5.4,4.8,5.6,6,5.1,6.1,4.3,8.6,6.7,8.9,7.4,7.6,7.1,6.3,6.5,6.4,6.4,7.3,7.8,7.5,6.9,6.6,6.3,6.7,7.7,7.9,7.6,7.1,6.9,6.8
Arizona,4,2.01,1.97,2.07,1.7,1.52,1.31,1.27,1.39,1.37,1.4,1.23,-47,"[1994,1995,1996,1997,1998,1999,2000,2001,2002,2003,2004,2005,2006,2007,2008,2009,2010,2011,2012,2013,2014]",4.7,5.4,5.5,6.1,6.4,5.8,6.3,7.4,7.5,7.5,7.2,7.9,7.1,7.5,7,8,8.1,8.2,8.5,5.6,4.6,4.3,4.4,4.0,4.8,6.1,5.7,5.0,4.7,4.2,3.9,6.2,9.9,10.4,9.5,8.4,7.8,6.9
Arkansas,5,2.22,2.05,2.01,1.96,1.81,1.8,1.7,1.67,1.67,1.49,1.37,-44,"[1994,1995,1996,1997,1998,1999,2000,2001,2002,2003,2004,2005,2006,2007,2008,2009,2010,2011,2012,2013,2014]",5.6,5.4,5.9,5.4,4.6,6.2,5.7,6.7,7.3,6.7,6.4,6.4,5.2,5.5,6.3,5.6,8,9.9,8.7,5.3,5.2,5.2,4.6,4.3,5.0,5.5,5.9,5.7,5.2,5.2,5.3,5.5,7.8,8.2,8.3,7.6,7.4,6.1
California,6,1.25,1.32,1.29,1.22,1.05,0.95,0.84,0.88,0.91,0.94,0.92,-41,"[1994,1995,1996,1997,1998,1999,2000,2001,2002,2003,2004,2005,2006,2007,2008,2009,2010,2011,2012,2013,2014]",4.4,4.6,5,4.8,4.8,5.3,5.8,6.2,6.8,6.9,6.7,6.8,6.8,6.4,6.1,6,6.6,8,9.1,7.3,6.4,5.9,5.2,4.9,5.4,6.7,6.8,6.2,5.4,4.9,5.4,7.3,11.2,12.2,11.7,10.4,8.9,7.5
Colorado,8,1.45,1.26,1.1,1.14,1.15,1.01,0.96,0.96,1.01,1.03,1,-43,"[1994,1995,1996,1997,1998,1999,2000,2001,2002,2003,2004,2005,2006,2007,2008,2009,2010,2011,2012,2013,2014]",2.8,3.4,3.1,3,2.6,3.2,3.2,3.1,3.3,3.7,4.4,3.9,4,3.6,3.1,4.6,4.6,4,4.7,4.2,3.5,3.6,3.1,2.8,3.8,5.5,6.0,5.5,5.0,4.3,3.7,4.8,7.3,8.7,8.3,7.8,6.8,5
Connecticut,9,0.93,0.88,0.98,0.92,0.95,0.71,1.02,0.71,0.84,0.92,0.8,-30,"[1994,1995,1996,1997,1998,1999,2000,2001,2002,2003,2004,2005,2006,2007,2008,2009,2010,2011,2012,2013,2014]",2.4,2.4,4.1,3.6,3.7,3,3.5,3,3.1,2.9,2.6,3,2.3,3.1,2.9,3.3,4.1,3.8,4.8,5.5,5.0,3.4,2.9,2.4,3.1,4.3,5.4,5.0,4.9,4.3,4.5,5.7,7.9,9.1,8.8,8.3,7.7,6.6
Delaware,10,1.44,1.4,1.57,1.23,1.35,1.28,1.13,1.1,1.24,1.06,1.26,-21,"[1994,1995,1996,1997,1998,1999,2000,2001,2002,2003,2004,2005,2006,2007,2008,2009,2010,2011,2012,2013,2014]",5.8,4.2,6.1,5.3,5.7,4.6,6.5,4.3,4.9,4.4,2,2.9,3.2,2.9,3.2,3.2,2.8,2.5,4.3,5.1,4.0,3.7,3.4,3.7,3.5,4.0,4.3,4.0,4.1,3.6,3.4,4.9,8.3,8.4,7.5,7.2,6.7,5.7
District of Columbia,11,1.15,1.29,1.02,1.22,0.94,0.8,0.67,0.76,0.42,0.57,0.65,-68,"[1994,1995,1996,1997,1998,1999,2000,2001,2002,2003,2004,2005,2006,2007,2008,2009,2010,2011,2012,2013,2014]",0,0,0,0,0,0,0,0,0,0,0,0,0,0,0,0,0,0,0,8.4,8.0,8.4,6.4,5.6,6.3,6.4,6.8,7.8,6.4,5.8,5.5,6.5,9.3,9.4,10.2,9,8.5,7.8
Florida,12,1.65,1.75,1.65,1.56,1.5,1.3,1.25,1.25,1.27,1.25,1.24,-44,"[1994,1995,1996,1997,1998,1999,2000,2001,2002,2003,2004,2005,2006,2007,2008,2009,2010,2011,2012,2013,2014]",5.8,5,5.2,5.2,5.2,5.5,6.4,6.6,6.2,5,5.4,5.4,5.5,5.3,5.6,5.7,6.5,6.9,7.5,5.2,4.8,4.3,3.9,3.7,4.7,5.6,5.2,4.6,3.7,3.2,4.0,6.3,10.4,11.1,10.0,8.5,7.3,6.3
Georgia,13,1.44,1.52,1.49,1.46,1.37,1.18,1.12,1.13,1.11,1.08,1.04,-40,"[1994,1995,1996,1997,1998,1999,2000,2001,2002,2003,2004,2005,2006,2007,2008,2009,2010,2011,2012,2013,2014]",5.7,5.6,5.9,5.6,5.7,5.8,6.6,7.5,6.4,6.2,6.9,7.6,7.1,7.1,8,7.5,8.1,7.5,9.5,4.7,4.6,4.3,3.9,3.6,4.0,5.0,4.8,4.8,5.3,4.7,4.5,6.2,9.9,10.5,10.2,9.2,8.2,7.2
Hawaii,15,1.46,1.39,1.58,1.33,1.04,1.09,1.13,0.99,1.24,1.01,0.93,-40,"[1994,1995,1996,1997,1998,1999,2000,2001,2002,2003,2004,2005,2006,2007,2008,2009,2010,2011,2012,2013,2014]",1.8,1.5,1.5,1.5,1.8,1.8,1.9,1.7,1.6,1.9,2.6,1.7,1.9,2.6,2.9,3.7,2,4,3.4,6.3,6.2,6.1,5.4,4.2,4.5,4.2,4.1,3.4,2.9,2.6,2.8,4.3,7.2,6.9,6.8,6,4.8,4.4
Idaho,16,1.77,1.85,1.76,1.6,1.52,1.46,1.32,1.05,1.13,1.34,1.15,-47,"[1994,1995,1996,1997,1998,1999,2000,2001,2002,2003,2004,2005,2006,2007,2008,2009,2010,2011,2012,2013,2014]",2,1.7,1.9,2.2,1.4,1.6,1.5,3.3,2.5,2.4,2.2,1.8,2.7,2.3,1.2,2,2.9,3.2,3.6,5.3,5.1,5.1,4.9,4.7,5.1,5.6,5.6,4.9,4.0,3.5,3.1,5.1,8.8,9.0,8.3,7.2,6.1,4.8
Illinois,17,1.24,1.27,1.17,1.16,0.98,0.86,0.88,0.89,0.91,0.94,0.88,-48,"[1994,1995,1996,1997,1998,1999,2000,2001,2002,2003,2004,2005,2006,2007,2008,2009,2010,2011,2012,2013,2014]",5.3,5.5,6,6.1,5.5,6,6.1,5.9,6.1,6,6.1,7.1,7.5,7.9,7.2,7.7,8.4,9.2,10,5.3,4.8,4.4,4.4,4.3,5.3,6.5,6.8,6.2,5.7,4.5,5.0,6.3,10.2,10.4,9.7,9,9.1,7.1
Indiana,18,1.3,1.31,1.27,1.23,1.11,0.9,1,0.98,0.99,1,0.94,-41,"[1994,1995,1996,1997,1998,1999,2000,2001,2002,2003,2004,2005,2006,2007,2008,2009,2010,2011,2012,2013,2014]",5,5.4,4.7,4.7,4.1,4.9,5.1,5.6,5.8,5.7,5.1,5.5,5.9,6.8,5.8,6.6,7.7,7.3,7.2,4.1,3.5,3.1,3.0,3.1,4.2,5.2,5.3,5.4,5.5,5.0,4.6,5.9,10.3,10.4,9.1,8.3,7.7,6
Iowa,19,1.23,1.45,1.4,1.43,1.34,1.19,1.24,1.15,1.16,1,1.02,-45,"[1994,1995,1996,1997,1998,1999,2000,2001,2002,2003,2004,2005,2006,2007,2008,2009,2010,2011,2012,2013,2014]",1.9,1.4,1.6,1.4,1.2,1.3,2.5,1.2,1.8,1.3,1.6,1.6,1.5,1.7,1.6,1.5,1.9,1.8,1.9,3.5,3.1,2.7,2.6,2.6,3.3,4.0,4.5,4.5,4.3,3.7,3.7,4.2,6.4,6.0,5.6,5,4.8,4.4
Kansas,20,1.57,1.44,1.55,1.38,1.29,1.31,1.44,1.29,1.32,1.16,1.25,-30,"[1994,1995,1996,1997,1998,1999,2000,2001,2002,2003,2004,2005,2006,2007,2008,2009,2010,2011,2012,2013,2014]",3.1,3.9,2.9,3.9,3.4,4.4,4,3.9,4.6,3.7,4.5,4.5,2.9,3.4,6.3,6,5.9,6,6.6,4.3,3.8,3.5,3.3,3.6,4.2,5.1,5.5,5.5,5.0,4.4,4.2,4.6,6.9,7.1,6.5,5.8,5.3,4.5
Kentucky,21,2.04,2.08,1.91,1.8,1.74,1.67,1.58,1.5,1.58,1.36,1.4,-28,"[1994,1995,1996,1997,1998,1999,2000,2001,2002,2003,2004,2005,2006,2007,2008,2009,2010,2011,2012,2013,2014]",3.6,3.8,4.6,3.5,4.3,4.3,4.6,4.8,4,4.6,5.7,4.6,4.5,4.7,4.8,5.4,4.6,5.8,5.9,5.5,5.3,4.6,4.5,4.2,5.2,5.7,6.1,5.4,5.9,5.7,5.4,6.4,10.3,10.2,9.4,8.2,8,6.5
Louisiana,22,2.08,2.14,2.17,2.19,2.03,1.84,1.59,1.46,1.54,1.47,1.53,-32,"[1994,1995,1996,1997,1998,1999,2000,2001,2002,2003,2004,2005,2006,2007,2008,2009,2010,2011,2012,2013,2014]",10.3,10.8,10.6,11.1,11,11.8,11.9,14.2,12.4,9.9,12.7,13,13.2,11.2,12.5,10.7,12.8,15.7,17.5,6.6,6.0,5.7,5.1,5.3,5.7,6.1,6.4,5.9,7.2,4.5,4.3,4.9,6.8,8.0,7.8,7.1,6.7,6.4
Maine,23,1.3,1.13,1.25,1.22,1.06,1.1,1.11,0.95,1.16,1.02,0.92,-39,"[1994,1995,1996,1997,1998,1999,2000,2001,2002,2003,2004,2005,2006,2007,2008,2009,2010,2011,2012,2013,2014]",1.6,1.8,2,2,1.8,2,2.4,1.6,1.7,1.4,1.4,1.2,1.1,1.4,1.2,2.2,2,2,2,5.2,5.1,4.5,4.0,3.4,3.8,4.3,5.0,4.6,4.9,4.6,4.7,5.5,8.1,8.1,7.9,7.5,6.6,5.7
Maryland,24,1.16,1.09,1.16,1.09,1.07,0.99,0.88,0.86,0.9,0.82,0.78,-47,"[1994,1995,1996,1997,1998,1999,2000,2001,2002,2003,2004,2005,2006,2007,2008,2009,2010,2011,2012,2013,2014]",6.1,6.4,6.3,6.8,7.4,7.7,8.8,9.8,9.7,9.9,9.4,9.5,9.4,8.3,8.1,9,10,9.9,11.6,5.0,5.0,4.4,3.6,3.6,4.0,4.4,4.4,4.3,4.1,3.9,3.5,4.2,7.0,7.7,7.2,7,6.6,5.8
Massachusetts,25,0.87,0.8,0.78,0.79,0.67,0.62,0.64,0.68,0.68,0.62,0.57,-39,"[1994,1995,1996,1997,1998,1999,2000,2001,2002,2003,2004,2005,2006,2007,2008,2009,2010,2011,2012,2013,2014]",2,2,1.8,2.8,3.3,2.6,2.6,2.9,2.9,2.7,2.6,2.2,2.7,2.3,2,2,2,1.9,2.6,4.4,3.9,3.3,3.2,2.7,3.7,5.3,5.7,5.1,4.8,4.9,4.6,5.5,8.1,8.3,7.2,6.7,6.7,5.8
Michigan,26,1.12,1.09,1.04,1.04,0.96,0.9,0.97,0.94,0.99,1,0.93,-44,"[1994,1995,1996,1997,1998,1999,2000,2001,2002,2003,2004,2005,2006,2007,2008,2009,2010,2011,2012,2013,2014]",5.4,6.4,7.1,6.2,5.9,6.2,5.4,6.7,7.1,6.1,6.4,6.1,6.7,6.7,6.7,7,7.3,7.8,7.5,4.9,4.3,3.9,3.7,3.6,5.2,6.3,7.2,7.0,6.8,7.0,7.0,8.0,13.7,12.6,10.4,9.1,8.9,7.3
Minnesota,27,1,0.98,0.87,0.89,0.78,0.74,0.73,0.65,0.69,0.68,0.63,-58,"[1994,1995,1996,1997,1998,1999,2000,2001,2002,2003,2004,2005,2006,2007,2008,2009,2010,2011,2012,2013,2014]",1.6,2.1,1.8,1.4,1.8,1.4,2.1,2.2,2.4,2.2,2.2,2.5,2.2,2.4,3.1,2.8,2.6,2.8,3.6,4.0,3.3,2.7,2.8,3.2,3.8,4.5,4.9,4.7,4.1,4.0,4.6,5.4,7.8,7.4,6.5,5.6,4.9,4.1
Mississippi,28,2.28,2.32,2.2,2.04,1.79,1.73,1.61,1.62,1.51,1.58,1.54,-44,"[1994,1995,1996,1997,1998,1999,2000,2001,2002,2003,2004,2005,2006,2007,2008,2009,2010,2011,2012,2013,2014]",8.6,6.5,7.1,7.8,6.9,6.6,8.1,7.1,7.7,7.3,7.8,9.3,9.2,9.9,9,7.7,11.4,13.1,11.1,6.0,5.7,5.3,5.1,5.4,5.5,6.6,6.3,6.2,7.5,6.5,6.1,6.6,9.5,10.4,10.0,9,8.7,7.8
Missouri,29,1.64,1.83,1.59,1.43,1.41,1.27,1.16,1.14,1.19,1.09,1.08,-43,"[1994,1995,1996,1997,1998,1999,2000,2001,2002,2003,2004,2005,2006,2007,2008,2009,2010,2011,2012,2013,2014]",6.6,6.1,6.5,6.1,7,6.5,7.7,6.5,6.3,6.9,6.2,5,5.8,6.6,6.2,6.6,7.3,7.9,8.1,4.8,4.3,4.2,3.3,3.6,4.6,5.4,5.6,5.9,5.4,4.8,5.1,6.1,9.3,9.6,8.5,7,6.7,6.1
Montana,30,2.04,2.26,2.34,2.45,2.12,2.01,1.69,1.79,1.72,1.9,1.58,-29,"[1994,1995,1996,1997,1998,1999,2000,2001,2002,2003,2004,2005,2006,2007,2008,2009,2010,2011,2012,2013,2014]",3.6,2.2,2.9,2.9,2.5,3.3,2.4,1.5,1.8,1.9,3.2,3.3,1.8,3.8,1.8,2.6,4.1,4.8,3.9,5.3,5.3,5.5,5.3,5.0,4.5,4.4,4.7,4.8,4.4,3.5,3.6,5.1,6.8,7.3,7.0,6,5.4,4.7
Nebraska,31,1.32,1.43,1.39,1.32,1.09,1.15,0.98,0.95,1.1,1.09,1.15,-34,"[1994,1995,1996,1997,1998,1999,2000,2001,2002,2003,2004,2005,2006,2007,2008,2009,2010,2011,2012,2013,2014]",2.9,3.1,2.8,3.7,3,2.3,3.8,3.8,2.8,2.5,2.3,3.2,2.8,2.5,3.7,3.6,3.1,3,2.9,2.7,2.5,2.6,2.8,2.8,3.1,3.6,3.9,3.9,3.8,3.1,3.0,3.3,4.6,4.6,4.4,4,3.8,3.3
Nevada,32,1.95,2.06,1.97,1.68,1.56,1.19,1.16,1.02,1.08,1.08,1.15,-49,"[1994,1995,1996,1997,1998,1999,2000,2001,2002,2003,2004,2005,2006,2007,2008,2009,2010,2011,2012,2013,2014]",6,5.8,4.5,5.1,5.8,5.9,6.3,7.5,9,8.5,7.4,8.8,8.3,8.5,6.5,9.1,9.7,11.2,13.7,5.0,4.4,4.2,4.0,4.2,5.2,5.6,5.1,4.3,4.1,4.0,4.5,6.7,11.3,13.5,13.1,11.2,9.5,7.8
New Hampshire,33,1.26,1.24,0.93,0.96,1.06,0.85,0.98,0.71,0.84,1.05,0.73,-35,"[1994,1995,1996,1997,1998,1999,2000,2001,2002,2003,2004,2005,2006,2007,2008,2009,2010,2011,2012,2013,2014]",0.9,1.7,1.1,1.3,1,0.8,1,1.1,1,1.4,1.4,1.4,0.9,1.4,1.8,1.5,1.5,1.4,1.7,3.8,3.3,2.8,2.7,2.7,3.4,4.5,4.3,3.8,3.6,3.4,3.5,3.9,6.2,5.8,5.4,5.5,5.1,4.3
New Jersey,34,0.99,1.01,1.02,0.95,0.8,0.8,0.76,0.86,0.79,0.73,0.74,-41,"[1994,1995,1996,1997,1998,1999,2000,2001,2002,2003,2004,2005,2006,2007,2008,2009,2010,2011,2012,2013,2014]",3.9,4.5,4.4,4.3,4.2,3.7,4.3,4.4,4.9,4.8,4.5,4.7,3.9,4,3.4,3.5,4,4.2,4.2,6.1,5.3,4.6,4.5,3.7,4.3,5.8,5.8,4.8,4.5,4.7,4.3,5.3,9.1,9.5,9.3,9.3,8.2,6.6
New Mexico,35,2.18,2.04,1.88,1.54,1.39,1.39,1.38,1.36,1.43,1.24,1.51,-31,"[1994,1995,1996,1997,1998,1999,2000,2001,2002,2003,2004,2005,2006,2007,2008,2009,2010,2011,2012,2013,2014]",4.8,6,5.6,7.6,6.8,9.9,7.2,8.2,6.8,7.4,8.9,6,8.2,5.4,7.4,9.8,10.9,7.7,11.5,7.2,6.3,6.1,5.6,4.9,4.9,5.5,5.9,5.5,5.1,4.2,3.8,4.5,7.5,8.1,7.6,7.1,6.9,6.5
New York,36,1.08,1.03,1.03,0.97,0.92,0.87,0.92,0.92,0.92,0.93,0.8,-46,"[1994,1995,1996,1997,1998,1999,2000,2001,2002,2003,2004,2005,2006,2007,2008,2009,2010,2011,2012,2013,2014]",3.1,3.3,3.5,3.9,4.5,4,4.3,4.2,4.8,4.5,4.6,4.9,4.7,5,5,5,5.1,6,7.4,6.2,6.4,5.6,5.2,4.5,4.8,6.1,6.4,5.8,5.0,4.5,4.6,5.4,8.3,8.6,8.3,8.5,7.7,6.3
North Carolina,37,1.64,1.53,1.53,1.62,1.4,1.28,1.29,1.19,1.24,1.23,1.19,-40,"[1994,1995,1996,1997,1998,1999,2000,2001,2002,2003,2004,2005,2006,2007,2008,2009,2010,2011,2012,2013,2014]",5.1,4.8,4.9,5.2,5,5.2,6.5,6.5,6.1,6.7,6.2,6.1,6.6,6.2,7,7.2,8.1,8.3,8.5,4.3,3.7,3.5,3.2,3.7,5.5,6.6,6.4,5.5,5.2,4.7,4.7,6.1,10.6,10.9,10.2,9.2,7.9,6.1
North Dakota,38,1.32,1.62,1.41,1.42,1.33,1.72,1.27,1.62,1.69,1.47,1.28,-8,"[1994,1995,1996,1997,1998,1999,2000,2001,2002,2003,2004,2005,2006,2007,2008,2009,2010,2011,2012,2013,2014]",3,2.2,3.6,3.5,1.5,1.9,0.5,1.9,1.3,1.1,1.4,1.9,0.8,1.1,0.6,1.6,1.1,0.9,2.2,2.9,2.7,2.9,3.3,3.0,2.9,3.7,3.7,3.4,3.4,3.2,3.1,3.2,4.1,3.8,3.5,3.1,2.9,2.8
Ohio,39,1.15,1.2,1.11,1.13,1.1,0.92,0.97,0.91,0.99,0.88,0.89,-36,"[1994,1995,1996,1997,1998,1999,2000,2001,2002,2003,2004,2005,2006,2007,2008,2009,2010,2011,2012,2013,2014]",4,3.9,4.1,4.4,4.2,4.6,4.7,4.5,4.7,5.1,4.5,4.6,4.6,4,3.7,3.5,4,4.7,4.8,5.0,4.6,4.3,4.3,4.0,4.3,5.7,6.2,6.3,5.9,5.4,5.6,6.4,10.3,10.3,8.8,7.4,7.5,5.7
Oklahoma,40,1.67,1.71,1.57,1.61,1.55,1.57,1.4,1.47,1.48,1.41,1.4,-27,"[1994,1995,1996,1997,1998,1999,2000,2001,2002,2003,2004,2005,2006,2007,2008,2009,2010,2011,2012,2013,2014]",4.5,5.1,5.8,5.6,5.2,6.3,5.8,6.1,5.8,5.3,5.3,5.9,4.7,5.3,5.3,6.9,6.1,6.9,6.8,4.1,4.1,4.3,3.5,3.0,3.7,4.7,5.5,4.9,4.5,4.0,4.1,3.7,6.4,6.8,5.9,5.3,5.3,4.5
Oregon,41,1.28,1.38,1.35,1.31,1.24,1.11,0.94,0.99,1.02,0.93,1.03,-39,"[1994,1995,1996,1997,1998,1999,2000,2001,2002,2003,2004,2005,2006,2007,2008,2009,2010,2011,2012,2013,2014]",2,2,2.3,2.2,2.5,2.3,2.2,1.9,2.3,2.2,2.5,1.9,2,2.4,2,2.7,3.8,2.9,4,5.7,5.7,5.7,5.5,5.1,6.4,7.5,8.1,7.3,6.2,5.3,5.2,6.5,11.3,10.6,9.5,8.8,7.9,6.9
Pennsylvania,42,1.38,1.5,1.41,1.37,1.36,1.22,1.32,1.3,1.32,1.23,1.2,-23,"[1994,1995,1996,1997,1998,1999,2000,2001,2002,2003,2004,2005,2006,2007,2008,2009,2010,2011,2012,2013,2014]",4.8,4.7,5.5,5,5.1,5.3,5.6,5.8,5.9,6.1,5.2,5.3,5.1,5.3,4.9,4.9,5.3,5.9,5.7,5.4,5.1,4.6,4.4,4.1,4.8,5.6,5.7,5.4,5.0,4.6,4.4,5.3,8.0,8.5,7.9,7.9,7.4,5.8
Rhode Island,44,0.98,1.05,0.98,0.8,0.79,1.01,0.81,0.84,0.82,0.84,0.68,-24,"[1994,1995,1996,1997,1998,1999,2000,2001,2002,2003,2004,2005,2006,2007,2008,2009,2010,2011,2012,2013,2014]",2.4,2.9,3.4,1.3,2.8,3,2.8,1.8,2.6,3.2,2.4,2.3,3.8,3.7,4.3,3.6,2.4,2.5,2.5,5.4,5.1,4.6,4.2,4.1,4.6,5.0,5.3,5.2,5.0,4.9,5.2,7.8,11.0,11.2,11.1,10.4,9.3,7.7
South Carolina,45,2.11,2.21,2.08,2.11,1.86,1.82,1.65,1.7,1.76,1.57,1.65,-27,"[1994,1995,1996,1997,1998,1999,2000,2001,2002,2003,2004,2005,2006,2007,2008,2009,2010,2011,2012,2013,2014]",6.4,6.2,7,6.8,5.7,6.7,6.8,8,8.3,7.4,6.9,7.2,7.3,6.3,5.8,6.6,8,8.4,9,5.8,4.6,3.8,4.3,3.8,5.2,5.8,6.9,6.8,6.7,6.4,5.7,6.8,11.2,11.2,10.5,9.2,7.6,6.4
South Dakota,46,2.24,2.22,2.08,1.62,1.35,1.48,1.58,1.23,1.46,1.48,1.47,-27,"[1994,1995,1996,1997,1998,1999,2000,2001,2002,2003,2004,2005,2006,2007,2008,2009,2010,2011,2012,2013,2014]",2.3,2.4,2.8,2.4,2.8,3.7,3.2,2.1,1.2,2.3,2.3,1.3,1.4,0.9,0.9,2.5,1.4,1.4,1.2,3.2,2.9,2.8,2.7,2.5,3.1,3.2,3.5,3.7,3.8,3.1,2.8,3.1,4.9,5.0,4.7,4.3,3.8,3.4
Tennessee,47,1.89,1.79,1.82,1.7,1.5,1.4,1.47,1.32,1.43,1.4,1.33,-40,"[1994,1995,1996,1997,1998,1999,2000,2001,2002,2003,2004,2005,2006,2007,2008,2009,2010,2011,2012,2013,2014]",5.7,5,6.2,5.9,5.6,7.4,6.6,6.4,6.8,7.2,5.9,6.8,7.2,7.4,7.2,7.1,8.5,9.5,9.5,5.2,5.3,4.3,4.0,3.9,4.6,5.2,5.6,5.3,5.6,5.2,4.7,6.6,10.5,9.7,9.0,7.8,7.8,6.7
Texas,48,1.6,1.5,1.48,1.42,1.48,1.35,1.29,1.29,1.43,1.39,1.46,-18,"[1994,1995,1996,1997,1998,1999,2000,2001,2002,2003,2004,2005,2006,2007,2008,2009,2010,2011,2012,2013,2014]",4.4,4.3,4.4,4.4,4.9,5.4,5.6,5.9,5.9,6.2,6.1,6.4,6,6.2,5.9,6.1,6.8,6.8,7.7,5.7,5.3,4.9,4.7,4.3,5.0,6.4,6.7,5.9,5.4,4.9,4.3,4.8,7.6,8.1,7.8,6.7,6.2,5.1
Utah,49,1.2,1.12,1.11,1.11,1.06,0.93,0.95,0.93,0.82,0.81,0.93,-51,"[1994,1995,1996,1997,1998,1999,2000,2001,2002,2003,2004,2005,2006,2007,2008,2009,2010,2011,2012,2013,2014]",2.3,1.7,1.8,1.8,1.9,1.4,1.4,2.2,1.8,2.3,1.9,2.5,2,3,1.9,2.1,3.1,2.4,3.2,3.4,3.2,3.6,3.5,3.3,4.4,5.8,5.6,5.0,4.1,3.0,2.6,3.6,7.3,7.8,6.8,5.4,4.7,3.8
Vermont,50,1.25,0.95,1.11,0.86,1,0.97,0.98,0.77,1.07,0.97,0.62,-50,"[1994,1995,1996,1997,1998,1999,2000,2001,2002,2003,2004,2005,2006,2007,2008,2009,2010,2011,2012,2013,2014]",1.6,1.6,1.3,1.8,1.1,1.3,2.7,1.9,1.9,1.3,2.6,2.3,2.1,1.1,1.5,2.9,2.6,1.5,1.9,4.3,3.9,3.4,3.0,2.8,3.3,4.0,4.3,3.7,3.5,3.7,4.0,4.7,6.6,6.1,5.5,5,4.4,4.1
Virginia,51,1.17,1.18,1.19,1.25,1,0.94,0.9,0.94,0.96,0.92,0.87,-37,"[1994,1995,1996,1997,1998,1999,2000,2001,2002,2003,2004,2005,2006,2007,2008,2009,2010,2011,2012,2013,2014]",4.1,3.8,3.9,3.8,4.7,4.7,4.7,5.3,5.2,6.1,5.2,5.6,5.3,5.1,5.7,5.7,6.2,7.2,7.5,4.4,3.8,2.9,2.7,2.3,3.2,4.2,4.1,3.8,3.6,3.1,3.0,3.9,6.7,7.1,6.6,6,5.7,5.2
Washington,53,1.02,1.17,1.12,1,0.94,0.87,0.8,0.8,0.77,0.76,0.8,-41,"[1994,1995,1996,1997,1998,1999,2000,2001,2002,2003,2004,2005,2006,2007,2008,2009,2010,2011,2012,2013,2014]",2.5,2.3,3.1,2.4,2.3,2.9,2.9,2.7,3,3.3,3.1,3,3,3,3.3,3,3.9,4.3,4.6,6.1,4.9,4.8,4.9,5.2,6.3,7.4,7.4,6.3,5.6,5.0,4.7,5.4,9.2,10.0,9.2,8.1,7,6.2
West Virginia,54,2.02,1.82,1.96,2.1,1.82,1.82,1.64,1.78,1.76,1.73,1.42,-32,"[1994,1995,1996,1997,1998,1999,2000,2001,2002,2003,2004,2005,2006,2007,2008,2009,2010,2011,2012,2013,2014]",4,3.3,3.8,4.7,3.1,4.6,3.3,3.5,4.1,4.4,3.7,3.5,3.2,2.2,2.5,4.4,4.3,4.1,3.8,7.5,6.9,6.6,6.5,5.5,5.0,5.9,6.0,5.3,5.1,4.9,4.6,4.3,7.7,8.7,8.1,7.5,6.7,6.5
Wisconsin,55,1.31,1.36,1.22,1.27,1.05,0.96,0.96,0.99,1.04,0.91,0.84,-41,"[1994,1995,1996,1997,1998,1999,2000,2001,2002,2003,2004,2005,2006,2007,2008,2009,2010,2011,2012,2013,2014]",2.9,2.8,3,2.4,2.7,2.6,2.6,3.3,3,3.5,2.8,3.3,2.8,3.6,3.2,3.4,3.6,4,4.2,3.6,3.6,3.4,3.1,3.5,4.5,5.4,5.7,5.0,4.7,4.7,4.9,4.9,8.6,8.7,7.8,7,6.8,5.5
Wyoming,56,1.77,1.88,2.07,1.6,1.68,1.4,1.66,1.46,1.33,0.93,1.59,-26,"[1994,1995,1996,1997,1998,1999,2000,2001,2002,2003,2004,2005,2006,2007,2008,2009,2010,2011,2012,2013,2014]",2.7,2.9,2.4,3.2,1.4,2,1.9,3.1,1.7,2.7,2.2,2.8,3,1.8,2.4,2.3,4.8,3.5,3.3,4.9,4.8,4.7,4.6,3.9,3.8,4.0,4.3,3.8,3.6,3.2,2.8,3.1,6.3,6.4,5.8,5.3,4.7,4.3
USA,9999,1.44,1.46,1.42,1.36,1.26,1.15,1.11,1.1,1.14,1.1,1.08,-38,"[1994,1995,1996,1997,1998,1999,2000,2001,2002,2003,2004,2005,2006,2007,2008,2009,2010,2011,2012,2013,2014]",,,,,,,,,,,,,,,,,,,,5.4,4.9,4.5,4.2,4.0,4.7,5.8,6.0,5.5,5.1,4.6,4.6,5.8,9.3,9.6,8.9,8.1,7.4,6.2
,,,,,,,,,,,,,,,0,,,,,,,,,,,,,,,,,,,,,,,,,,,,,,,,,,,,,
,,0.42,,,,,,,,,,,,,17.5,,,,,,,,,,,,,,,,,,,2.3,,,,,,,,,,,,,,,,,,
,,2.45,,,,,,,,,,,,,,,,,,,,,,,,,,,,,,,,13.7,,,,,,,,,,,,,,,,,,